{"cameraMode":{"drawMode":0,"name":"Shaded","section":"Shading Mode"},"sceneLighting":false,"audioPlay":false,"sceneViewState":{"m_AlwaysRefresh":false,"showFog":true,"showSkybox":false,"showFlares":true,"showImageEffects":true,"showParticleSystems":true,"showVisualEffectGraphs":true,"m_FxEnabled":true},"in2DMode":false,"pivot":{"x":16.74752426147461,"y":3.0159263610839845,"z":23.228824615478517},"rotation":{"x":0.03331030160188675,"y":0.9655677676200867,"z":-0.15720844268798829,"w":0.20458848774433137},"size":0.3995349109172821,"orthographic":false}