{"cameraMode":{"drawMode":0,"name":"Shaded","section":"Shading Mode"},"sceneLighting":false,"audioPlay":false,"sceneViewState":{"m_AlwaysRefresh":false,"showFog":false,"showSkybox":false,"showFlares":false,"showImageEffects":false,"showParticleSystems":false,"showVisualEffectGraphs":true,"m_FxEnabled":true},"in2DMode":false,"pivot":{"x":-0.802154541015625,"y":1.389756202697754,"z":0.013393759727478028},"rotation":{"x":-0.013316372409462929,"y":0.9452446699142456,"z":-0.32376936078071597,"w":-0.03887290507555008},"size":0.08595100790262222,"orthographic":false}