{"cameraMode":{"drawMode":0,"name":"Shaded","section":"Shading Mode"},"sceneLighting":true,"audioPlay":false,"sceneViewState":{"m_AlwaysRefresh":false,"showFog":true,"showSkybox":true,"showFlares":true,"showImageEffects":true,"showParticleSystems":true,"showVisualEffectGraphs":true,"m_FxEnabled":true},"in2DMode":false,"pivot":{"x":-4.309011936187744,"y":0.75861656665802,"z":0.7207997441291809},"rotation":{"x":0.030154099687933923,"y":-0.48526811599731448,"z":0.016748394817113878,"w":0.8736850023269653},"size":0.13064493238925935,"orthographic":false}