{"cameraMode":{"drawMode":0,"name":"Shaded","section":"Shading Mode"},"sceneLighting":true,"audioPlay":false,"sceneViewState":{"m_AlwaysRefresh":false,"showFog":true,"showSkybox":true,"showFlares":true,"showImageEffects":true,"showParticleSystems":true,"showVisualEffectGraphs":true,"m_FxEnabled":true},"in2DMode":false,"pivot":{"x":-3.071781635284424,"y":-0.6458442211151123,"z":-0.8997247219085693},"rotation":{"x":0.035034142434597018,"y":-0.9500722885131836,"z":0.28765732049942019,"w":0.11571060866117478},"size":1.2608219385147095,"orthographic":false}